company_name,company_url
Accutrac Capital Solutions,https://accutraccapital.com
ADP GROUP,https://adp.com
AFV Acciaierie Beltrame SpA GROUP,https://gruppobeltrame.com
Alfred Benesch & Company,https://benesch.com
Aliaxis NV GROUP,https://aliaxis.com
Alkion Terminals B.V. GROUP,https://alkion.com
Allnex Belgium NV/ SA (IR),https://allnex.com
Altana AG GROUP,https://altana.com
Amann & Söhne GmbH & Co. KG,https://amann.com
American Municipal Power,https://amppartners.org
Ammega Group B.V. GROUP,https://anmega.com
Arcese Trasporti SpA,https://arcese.com
Arla Foods Amba GROUP,https://arla.com
Aston Martin GROUP,https://astonmartinlagonda.com
"AutoNation, Inc.",https://autonation.com
Baker & McKenzie GROUP,https://bakermckenzie.com
Banner Engineering Corp.,https://bannerengineering.com
Barry Callebaut Services NV GROUP,https://barry-callebaut.com
Baustoff+Metall GmbH,https://Baustoff-Metall.com
BekaertDeslee Holding,https://bekaertdeslee.com
Berkadia Commercial Mortgage GROUP,https://berkadia.com
Best Formulations LLC,https://bestformulations.com
Beyond Meat,https://beyondmeat.com
Bibby Financial Services GROUP,https://bibbyfinancialservices.com
Bolton Group Srl,https://bolton.com
Booking Holdings GROUP,https://booking.com
"Bread Financial Holdings, Inc.",https://breadfinancial.com
Brit Group Services Limited,https://britinsurance.com
Brown & Brown Inc GROUP,https://bbdenver.com
Busch Dienste GmbH GROUP,https://buschvacuum.com
Camfil Aktiebolag GROUP,https://camfil.com
Carrier Global GROUP,https://carrier.com
CEMBRE SPA GROUP,https://cembre.com
Chain IQ Group AG GROUP,https://chainiq.com
Charles Taylor Plc GROUP,https://charlestaylor.com
Charter School Associates,https://charterschoolassociates.com
Church's Chicken GROUP,https://churchs.com
Clearent LLC,https://clearent.com
Cloetta GROUP,https://https://cloetta.com
CMS Derks Star Busmann GROUP,https://cms.law
Cole-Parmer Instrument Company LLC,https://coleparmer.com
Continental AG GROUP,https://continental.com
CORSAIR (OSN),https://corsair.com
Courir (IR),https://courir.com
Creaton GROUP,https://creaton.com
Crown Holdings GROUP,https://crownhgroup.com
dacoso - data communication solutions GmbH (IR),https://dacoso.com
Danaher GROUP,https://danaher.com
Danieli GROUP,https://danieli.com
DESMI A/S GROUP,https://desmi.com
DIAGNOSTICA STAGO GROUP,https://stago.com
Diversey GROUP,https://diversey.com
DKV MOBILITY SERVICES BUSINESS CENTER GmbH + Co. KG (IR),https://dkv-mobility.com
DS Smith GROUP,https://dssmith.com
"Duravant, LLC GROUP",https://duravant.com
DÜRR GROUP,https://durr.com
EASI GROUP-Aurubis Beerse,https://aurubis.com
Elektrobit Automotive GmbH GROUP,https://elektrobit.com
ELOPAK AS GROUP,https://elopak.com
Endologix Inc,https://endologix.com
Endress+Hauser InfoServe GmbH+Co. KG,https://endress.com
EOS GmbH Electro Optical Systems,https://eos.info
Esko GROUP,https://esko.com
Essity GROUP,https://essity.com
Etex GROUP,https://etexgroup.com
Eviosys GROUP,https://eviosys.com
ExxonMobil GROUP,https://exxonmobil.com
EZCON GmbH,https://excon.de
Family Healthcare Associates,https://fhcatx.com
Fanuc-EZcon,https://fanuc.eu
Fedrus International GROUP,https://fedrusinternational.com
First Quality GROUP,https://firstquality.com
Follett GROUP,https://follett.com
Foot Locker GROUP,https://footlocker.com
FOSS GROUP,https://fossanalytics.com
Fox Racing GROUP,https://foxracing.com
Freudenberg GROUP,https://freudenberg.com
Fritz Schäfer & Co. KG GROUP,https://ssi-schaefer.com
"GCP Applied Technologies, Inc.",https://gcpat.com
Genuit Group Limited,https://genuitgroup.com
Gershow Recycling,https://gershow.com
Gilson GROUP,https://gilson.com
Global Blue GROUP,https://globalblue.com
Grant Thornton GROUP,https://grantthornton.com
GRAVOTECH GROUP,https://gravotech.us
Greenyard Foods NV GROUP,https://greenyard.group
GXO/Supply Chain Group,https://gxo.com
Hansgrohe GROUP,https://hansgrohe-group.com
Haribo GmbH & Co. KG GROUP,https://haribo.com
Helvoet B.V. (IR),https://helvoet.com
Heraeus Infosystems GmbH,https://heraeus.com
Herbalife GROUP,https://herbalife.com
Herrmann Ultraschalltechnik GmbH & Co. KG,https://Herrmannultrasonics.com
Hertz GROUP,https://hertz.com
HII Technical Solutions Division,https://hii.com
HS Timber Group GmbH,https://hs.at/en/index
Husqvarna Aktiebolag (IR),https://husqvarna.com
IBA SA GROUP,https://iba-worldwide.com
illycaffè spa (IR),https://illy.com
Infosys GROUP,https://infosys.com
Ingram Micro GROUP,https://ingrammicro.com
Insulet Corporation GROUP,https://insulet.com
Intermediate Capital Group PLC GROUP,https://icgam.com
Intersnack Group GmbH & Co. KG GROUP,https://intersnackgroup.com
Intrum AB,https://intrum.com
Iver Sverige AB GROUP,https://iver.com
JAGUAR NETWORK GROUP,https://jaguar-network.com
Kao Corporation GROUP,https://kao.com
Keller & Kalmbach GmbH,https://keller-kalmbach.com
KLDiscovery Inc.,https://kldiscovery.com
KOOKAI GROUP,https://kookai.com
KSB SE & Co. KGaA GROUP,https://ksb.com
Leadec Beteiligungen GROUP,https://leadec-services.com
Leeps B.V. GROUP,https://leeps.nl
LFB Biomedicaments SA GROUP,https://groupe-lfb.com
Lohmann & Co KG GROUP,https://lohmann-tapes.com
Lone Star Transportation LLC,https://lstinc.com
Lotus Bakeries Corporate NV GROUP,https://lotusbakeries.com
Loxam GROUP,https://loxam.com
Lundbeck Pharma A / S GROUP,https://lundbeck.com
Luvata Pori Oy,https://luvata.com
MAHLE International GROUP,https://mahle.com
Marsh McLennan GROUP,https://marshmclennan.com
Max Weishaupt GROUP,https://weishaupt.de
Micro Matic A/S,https://micro-matic.com
"Miller Industries, Inc.",https://millerind.com
Mitsubishi Motors GROUP,https://mitsubishicars.com
MK Systems USA Inc.,https://mksystems.com
Molnlycke GROUP,https://molnlycke.com
Mondelez GROUP,https://mondelezinternational.com
Murata Power Solutions GROUP,https://murata.com
NACCHO - National Association of County and City Health Officials,https://naccho.org
"Natra Midco, S.L. GROUP",https://natra.com
Nederman Holding AB GROUP,https://nederman.com
Neinver GROUP,https://neinver.com
Nemera GROUP,https://nemera.net
Neustar GROUP,https://home.neustar
Nice Fruit International Limited - Sucursal Estran GROUP,https://nice.tech
Nilfisk-Advance GROUP,https://nilfisk.com
Nipro Europe (TIN),https://nipro-group.com
"Ocean Spray Cranberries, Inc. GROUP",https://oceanspray.com
Oldcastle Building Envelope GROUP,https://obe.com
Omya (Schweiz) AG,https://omya.com
One Spa World GROUP,https://onespaworld.com
Orscheln Farm & Home LLC,https://orschelnfarmhome.com
Oscor,https://oscor.com
"Osmose Utilities Services, Inc",https://osmose.com
P&O Ferries Holdings GROUP,https://poferries.com
Parliamentary and Health Service Ombudsman,https://ombudsman.org.uk
Perstorp AB GROUP,https://perstorp.com
Prefere Resins GROUP,https://prefere.com
PSA ANTWERP NV GROUP,https://psa-antwerp.be
Puratos NV GROUP,https://puratos.com
R. Stahl Services GmbH GROUP,https://stahl.com
Redco GROUP,https://theredcogroup.com
"Regal Ware, Inc.",https://regalware.com
Reifenhäuser GmbH & Co. KG Maschinenfabrik,https://reifenhauser.com
Reno de Medici S.p.A. GROUP,https://rdmgroup.com
Rexel GROUP,https://rexel.com
Rochling Automotive SE & Co. KG,https://roechling.com
Roland Berger Holding GmbH,https://rolandberger.com
Rosti Group AB GROUP,https://rosti.com
RS Elliott Specialty Supply,https://rselliott.com
Santa Fe Group Ltd GROUP,https://santaferelo.com
Schumacher Packaging GmbH GROUP,https://schumacher-packaging.com
Seal for Life Global Dutch Holding B.V.,https://sealforlike.com
SGL Carbon SE GROUP,https://sglgroup.com
Siegwerk Druckfarben AG & Co. KGaA GROUP,https://siegwerk.com
Südzucker AG,https://suedzuckergroup.com
Suncoast Workforce Board,https://careersourcesuncoast.com
Swisscom (Schweiz),https://swisscom.ch
TDK Corporation GROUP,https://tdk.com
Tek Experts GROUP,https://teknowledge.com
Telenor GROUP,https://telenor.com
Texa GROUP,https://texa.it
The Ambassador Theatre GROUP,https://atgentertainment.com
THULE GROUP,https://thulegroup.com
Toyota GROUP,https://toyota.com
"Toyota Industries North America,  Inc. GROUP",https://toyota-industries.com
TrueCommerce,https://truecommerce.com
TRUMPF SE + Co. KG GROUP,https://trumpf.com
TTS Tooltechnic Systems AG & Co. KG,https://festool-group.com
TVH Parts GROUP,https://tvh.com
Uni-Tankers GROUP,https://uni-tankers.com
Unifeeder GROUP,https://unifeeder.com
"Ventrop Engineering Consulting Group, PLLC",https://ventrop.com
Vion ICT Services GROUP,https://vionfoodgroup.com
Viscon Group Services B.V.,https://viscongroup.eu
Visiting Nurse Association GROUP,https://vnahg.org
Vorwerk GROUP,https://vorwerk-group.com
VPK Packaging GROUP,https://vpkgroup.com
"Walter Kidde Portable Equipment, Inc.",https://kidde.com
"Woolpert, Inc",https://woolpert.com
Worldwide Flight Services GROUP,https://wfs.aero